[
{
  "model": "sites.site",
  "fields": {
    "domain": "example.com",
    "name": "example.com"
  }
},
{
  "model": "wagtailimages.rendition",
  "pk": 9,
  "fields": {
    "filter_spec": "max-165x165",
    "file": "images/woodworking1_Y40tmZ6.max-165x165.jpg",
    "width": 165,
    "height": 109,
    "focal_point_key": "",
    "image": 11
  }
},
{
  "model": "wagtailimages.rendition",
  "pk": 10,
  "fields": {
    "filter_spec": "max-165x165",
    "file": "images/roof1_PDvVDtL.max-165x165.jpg",
    "width": 165,
    "height": 87,
    "focal_point_key": "",
    "image": 10
  }
},
{
  "model": "wagtailimages.rendition",
  "pk": 11,
  "fields": {
    "filter_spec": "max-165x165",
    "file": "images/handwork1_J8dHhCh.max-165x165.jpg",
    "width": 165,
    "height": 109,
    "focal_point_key": "",
    "image": 9
  }
},
{
  "model": "wagtailimages.rendition",
  "pk": 12,
  "fields": {
    "filter_spec": "max-165x165",
    "file": "images/carpenter3_J9nkebk.max-165x165.png",
    "width": 165,
    "height": 165,
    "focal_point_key": "",
    "image": 8
  }
},
{
  "model": "wagtailimages.rendition",
  "pk": 13,
  "fields": {
    "filter_spec": "max-165x165",
    "file": "images/carpenter2_6DfSDU1.max-165x165.jpg",
    "width": 165,
    "height": 110,
    "focal_point_key": "",
    "image": 7
  }
},
{
  "model": "wagtailimages.rendition",
  "pk": 14,
  "fields": {
    "filter_spec": "max-165x165",
    "file": "images/carpenter1_BlvoHMd.max-165x165.jpg",
    "width": 165,
    "height": 109,
    "focal_point_key": "",
    "image": 6
  }
},
{
  "model": "wagtailimages.rendition",
  "pk": 15,
  "fields": {
    "filter_spec": "max-165x165",
    "file": "images/alternativeHand1_wnsENM2.max-165x165.jpg",
    "width": 165,
    "height": 123,
    "focal_point_key": "",
    "image": 5
  }
},
{
  "model": "wagtailimages.rendition",
  "pk": 16,
  "fields": {
    "filter_spec": "fill-60x60",
    "file": "images/woodworking1_Y40tmZ6.2e16d0ba.fill-60x60.jpg",
    "width": 60,
    "height": 60,
    "focal_point_key": "2e16d0ba",
    "image": 11
  }
},
{
  "model": "wagtailimages.rendition",
  "pk": 17,
  "fields": {
    "filter_spec": "fill-60x60",
    "file": "images/roof1_PDvVDtL.2e16d0ba.fill-60x60.jpg",
    "width": 60,
    "height": 60,
    "focal_point_key": "2e16d0ba",
    "image": 10
  }
},
{
  "model": "wagtailimages.rendition",
  "pk": 18,
  "fields": {
    "filter_spec": "fill-60x60",
    "file": "images/carpenter3_J9nkebk.2e16d0ba.fill-60x60.png",
    "width": 60,
    "height": 60,
    "focal_point_key": "2e16d0ba",
    "image": 8
  }
},
{
  "model": "wagtailimages.rendition",
  "pk": 19,
  "fields": {
    "filter_spec": "fill-60x60",
    "file": "images/alternativeHand1_wnsENM2.2e16d0ba.fill-60x60.jpg",
    "width": 60,
    "height": 60,
    "focal_point_key": "2e16d0ba",
    "image": 5
  }
},
{
  "model": "wagtailimages.rendition",
  "pk": 20,
  "fields": {
    "filter_spec": "width-400",
    "file": "images/woodworking1_Y40tmZ6.width-400.jpg",
    "width": 400,
    "height": 266,
    "focal_point_key": "",
    "image": 11
  }
},
{
  "model": "wagtailimages.rendition",
  "pk": 21,
  "fields": {
    "filter_spec": "width-400",
    "file": "images/roof1_PDvVDtL.width-400.jpg",
    "width": 400,
    "height": 212,
    "focal_point_key": "",
    "image": 10
  }
},
{
  "model": "wagtailimages.rendition",
  "pk": 22,
  "fields": {
    "filter_spec": "width-400",
    "file": "images/carpenter3_J9nkebk.width-400.png",
    "width": 400,
    "height": 400,
    "focal_point_key": "",
    "image": 8
  }
},
{
  "model": "wagtailimages.rendition",
  "pk": 23,
  "fields": {
    "filter_spec": "width-400",
    "file": "images/alternativeHand1_wnsENM2.width-400.jpg",
    "width": 400,
    "height": 300,
    "focal_point_key": "",
    "image": 5
  }
},
{
  "model": "wagtailsearch.indexentry",
  "pk": 1,
  "fields": {
    "content_type": [
      "wagtailcore",
      "page"
    ],
    "object_id": "1",
    "title_norm": 1.6875,
    "autocomplete": "'root':1",
    "title": "'root':1B",
    "body": ""
  }
},
{
  "model": "wagtailsearch.indexentry",
  "pk": 2,
  "fields": {
    "content_type": [
      "wagtailcore",
      "page"
    ],
    "object_id": "2",
    "title_norm": 0.421875,
    "autocomplete": "'new':4 'site':6 'to':2 'wagtail':5 'welcome':1 'your':3",
    "title": "'new':4B 'site':6B 'wagtail':5B 'welcom':1B",
    "body": ""
  }
},
{
  "model": "wagtailsearch.indexentry",
  "pk": 3,
  "fields": {
    "content_type": [
      "pages",
      "homepage"
    ],
    "object_id": "3",
    "title_norm": 0.5625,
    "autocomplete": "'adipiscing':10 'aliqua':22 'amet':8 'consectetur':9 'do':13 'dolor':6 'dolore':20 'eiusmod':14 'elit':11 'et':19 'incididunt':16 'ipsum':5 'jcleemannbyg':3 'labore':18 'lorem':4 'magna':21 'sed':12 'sit':7 'tempor':15 'til':2 'ut':17 'velkomtxyrcfugvhibojen':1",
    "title": "'jcleemannbyg':3B 'til':2B 'velkomtxyrcfugvhibojen':1B",
    "body": "'adipisc':7 'aliqua':19 'amet':5 'consectetur':6 'dolor':3,17 'eiusmod':11 'elit':8 'et':16 'incididunt':13 'ipsum':2 'labor':15 'lorem':1 'magna':18 'sed':9 'sit':4 'tempor':12 'ut':14"
  }
},
{
  "model": "wagtailsearch.indexentry",
  "pk": 6,
  "fields": {
    "content_type": [
      "pages",
      "gallerypage"
    ],
    "object_id": "4",
    "title_norm": 0.84375,
    "autocomplete": "'ad':5 'aliquip':15 'commodo':18 'consequat':19 'ea':17 'enim':4 'ex':16 'exercitation':10 'galleri':2 'laboris':12 'minim':6 'nisi':13 'nostrud':9 'projekt':1 'quis':8 'ullamco':11 'ut':3,14 'veniam':7",
    "title": "'galleri':2B 'projekt':1B",
    "body": "'ad':3 'aliquip':13 'commodo':16 'consequat':17 'ea':15 'enim':2 'ex':14 'exercit':8 'labori':10 'minim':4 'nisi':11 'nostrud':7 'qui':6 'ullamco':9 'ut':1,12 'veniam':5"
  }
},
{
  "model": "wagtailsearch.indexentry",
  "pk": 9,
  "fields": {
    "content_type": [
      "pages",
      "contactpage"
    ],
    "object_id": "5",
    "title_norm": 0.84375,
    "autocomplete": "'besked':6 'en':5 'kontakt':1 'os':2,4 'send':3",
    "title": "'kontakt':1B 'os':2B",
    "body": "'anim':34 'aut':2 'besk':20 'cillum':11 'culpa':29 'cupidatat':24 'deserunt':32 'dolor':4,12 'dui':1 'en':19 'ess':10 'est':36 'eu':13 'excepteur':21 'fugiat':14 'id':35 'irur':3 'laborum':37 'mollit':33 'non':25 'nulla':15 'occaecat':23 'officia':31 'os':18 'pariatur':16 'proident':26 'qui':30 'reprehenderit':6 'send':17 'sint':22 'sunt':27 'velit':9 'volupt':8"
  }
},
{
  "model": "wagtailsearch.indexentry",
  "pk": 13,
  "fields": {
    "content_type": [
      "projects",
      "project"
    ],
    "object_id": "1",
    "title_norm": 0.84375,
    "autocomplete": "",
    "title": "'moderna':2 'villa':1",
    "body": "'ad':22 'adipisc':7 'aliqua':19 'amet':5 'consectetur':6 'dolor':3,17 'eiusmod':11 'elit':8 'enim':21 'et':16 'exercit':27 'incididunt':13 'ipsum':2 'labor':15 'lorem':1 'magna':18 'minim':23 'nostrud':26 'qui':25 'sed':9 'sit':4 'tempor':12 'ut':14,20 'veniam':24"
  }
},
{
  "model": "wagtailsearch.indexentry",
  "pk": 15,
  "fields": {
    "content_type": [
      "projects",
      "project"
    ],
    "object_id": "2",
    "title_norm": 0.84375,
    "autocomplete": "",
    "title": "'hus':2 'traditionelt':1",
    "body": "'aut':2 'cillum':11 'cupidatat':20 'dolor':4,12 'dui':1 'ess':10 'eu':13 'excepteur':17 'fugiat':14 'irur':3 'non':21 'nulla':15 'occaecat':19 'pariatur':16 'proident':22 'reprehenderit':6 'sint':18 'velit':9 'volupt':8"
  }
},
{
  "model": "wagtailsearch.indexentry",
  "pk": 17,
  "fields": {
    "content_type": [
      "projects",
      "project"
    ],
    "object_id": "3",
    "title_norm": 0.84375,
    "autocomplete": "",
    "title": "'modern':1 'tilbygn':2",
    "body": "'ab':20 'accusantium':11 'aperiam':16 'doloremqu':12 'eaqu':17 'error':8 'illo':21 'inventor':22 'ipsa':18 'ist':6 'laudantium':13 'natus':7 'omni':5 'perspiciati':3 'quae':19 'rem':15 'sed':1 'sit':9 'totam':14 'und':4 'ut':2 'voluptatem':10"
  }
},
{
  "model": "wagtailsearch.indexentry",
  "pk": 19,
  "fields": {
    "content_type": [
      "projects",
      "project"
    ],
    "object_id": "4",
    "title_norm": 0.84375,
    "autocomplete": "",
    "title": "'terrass':2 'træ':1",
    "body": "'accusamus':5 'atqu':16 'blanditii':12 'corrupti':17 'delen':15 'dignissimo':9 'dolor':19 'ducimus':10 'eo':3 'et':4,6 'iusto':7 'odio':8 'praesentium':13 'qui':11 'quo':18 'vero':2 'voluptatum':14"
  }
},
{
  "model": "wagtailsearch.indexentry",
  "pk": 36,
  "fields": {
    "content_type": [
      "wagtailimages",
      "image"
    ],
    "object_id": "5",
    "title_norm": 1.6875,
    "autocomplete": "'alternativehand1':1",
    "title": "'alternativehand1':1A",
    "body": ""
  }
},
{
  "model": "wagtailsearch.indexentry",
  "pk": 37,
  "fields": {
    "content_type": [
      "wagtailimages",
      "image"
    ],
    "object_id": "6",
    "title_norm": 1.6875,
    "autocomplete": "'carpenter1':1",
    "title": "'carpenter1':1A",
    "body": ""
  }
},
{
  "model": "wagtailsearch.indexentry",
  "pk": 38,
  "fields": {
    "content_type": [
      "wagtailimages",
      "image"
    ],
    "object_id": "7",
    "title_norm": 1.6875,
    "autocomplete": "'carpenter2':1",
    "title": "'carpenter2':1A",
    "body": ""
  }
},
{
  "model": "wagtailsearch.indexentry",
  "pk": 39,
  "fields": {
    "content_type": [
      "wagtailimages",
      "image"
    ],
    "object_id": "8",
    "title_norm": 1.6875,
    "autocomplete": "'carpenter3':1",
    "title": "'carpenter3':1A",
    "body": ""
  }
},
{
  "model": "wagtailsearch.indexentry",
  "pk": 40,
  "fields": {
    "content_type": [
      "wagtailimages",
      "image"
    ],
    "object_id": "9",
    "title_norm": 1.6875,
    "autocomplete": "'handwork1':1",
    "title": "'handwork1':1A",
    "body": ""
  }
},
{
  "model": "wagtailsearch.indexentry",
  "pk": 41,
  "fields": {
    "content_type": [
      "wagtailimages",
      "image"
    ],
    "object_id": "10",
    "title_norm": 1.6875,
    "autocomplete": "'roof1':1",
    "title": "'roof1':1A",
    "body": ""
  }
},
{
  "model": "wagtailsearch.indexentry",
  "pk": 42,
  "fields": {
    "content_type": [
      "wagtailimages",
      "image"
    ],
    "object_id": "11",
    "title_norm": 1.6875,
    "autocomplete": "'woodworking1':1",
    "title": "'woodworking1':1A",
    "body": ""
  }
},
{
  "model": "wagtailcore.locale",
  "pk": 1,
  "fields": {
    "language_code": "da"
  }
},
{
  "model": "wagtailcore.site",
  "fields": {
    "hostname": "localhost",
    "port": 80,
    "site_name": "",
    "root_page": 3,
    "is_default_site": true
  }
},
{
  "model": "wagtailcore.collection",
  "pk": 1,
  "fields": {
    "path": "0001",
    "depth": 1,
    "numchild": 0,
    "name": "Root"
  }
},
{
  "model": "wagtailcore.workflow",
  "pk": 1,
  "fields": {
    "name": "Moderators approval",
    "active": true
  }
},
{
  "model": "wagtailcore.workflowtask",
  "pk": 1,
  "fields": {
    "sort_order": 0,
    "workflow": 1,
    "task": 1
  }
},
{
  "model": "wagtailcore.task",
  "pk": 1,
  "fields": {
    "name": "Moderators approval",
    "content_type": [
      "wagtailcore",
      "groupapprovaltask"
    ],
    "active": true
  }
},
{
  "model": "wagtailcore.workflowpage",
  "pk": 1,
  "fields": {
    "workflow": 1
  }
},
{
  "model": "wagtailcore.referenceindex",
  "pk": 9,
  "fields": {
    "content_type": [
      "wagtailimages",
      "image"
    ],
    "base_content_type": [
      "wagtailimages",
      "image"
    ],
    "object_id": "5",
    "to_content_type": [
      "wagtailcore",
      "collection"
    ],
    "to_object_id": "1",
    "model_path": "collection",
    "content_path": "collection",
    "content_path_hash": "b40b1263-e929-57f2-a7f8-9dbce56b887b"
  }
},
{
  "model": "wagtailcore.referenceindex",
  "pk": 10,
  "fields": {
    "content_type": [
      "wagtailimages",
      "image"
    ],
    "base_content_type": [
      "wagtailimages",
      "image"
    ],
    "object_id": "6",
    "to_content_type": [
      "wagtailcore",
      "collection"
    ],
    "to_object_id": "1",
    "model_path": "collection",
    "content_path": "collection",
    "content_path_hash": "b40b1263-e929-57f2-a7f8-9dbce56b887b"
  }
},
{
  "model": "wagtailcore.referenceindex",
  "pk": 11,
  "fields": {
    "content_type": [
      "wagtailimages",
      "image"
    ],
    "base_content_type": [
      "wagtailimages",
      "image"
    ],
    "object_id": "7",
    "to_content_type": [
      "wagtailcore",
      "collection"
    ],
    "to_object_id": "1",
    "model_path": "collection",
    "content_path": "collection",
    "content_path_hash": "b40b1263-e929-57f2-a7f8-9dbce56b887b"
  }
},
{
  "model": "wagtailcore.referenceindex",
  "pk": 12,
  "fields": {
    "content_type": [
      "wagtailimages",
      "image"
    ],
    "base_content_type": [
      "wagtailimages",
      "image"
    ],
    "object_id": "8",
    "to_content_type": [
      "wagtailcore",
      "collection"
    ],
    "to_object_id": "1",
    "model_path": "collection",
    "content_path": "collection",
    "content_path_hash": "b40b1263-e929-57f2-a7f8-9dbce56b887b"
  }
},
{
  "model": "wagtailcore.referenceindex",
  "pk": 13,
  "fields": {
    "content_type": [
      "wagtailimages",
      "image"
    ],
    "base_content_type": [
      "wagtailimages",
      "image"
    ],
    "object_id": "9",
    "to_content_type": [
      "wagtailcore",
      "collection"
    ],
    "to_object_id": "1",
    "model_path": "collection",
    "content_path": "collection",
    "content_path_hash": "b40b1263-e929-57f2-a7f8-9dbce56b887b"
  }
},
{
  "model": "wagtailcore.referenceindex",
  "pk": 14,
  "fields": {
    "content_type": [
      "wagtailimages",
      "image"
    ],
    "base_content_type": [
      "wagtailimages",
      "image"
    ],
    "object_id": "10",
    "to_content_type": [
      "wagtailcore",
      "collection"
    ],
    "to_object_id": "1",
    "model_path": "collection",
    "content_path": "collection",
    "content_path_hash": "b40b1263-e929-57f2-a7f8-9dbce56b887b"
  }
},
{
  "model": "wagtailcore.referenceindex",
  "pk": 15,
  "fields": {
    "content_type": [
      "wagtailimages",
      "image"
    ],
    "base_content_type": [
      "wagtailimages",
      "image"
    ],
    "object_id": "11",
    "to_content_type": [
      "wagtailcore",
      "collection"
    ],
    "to_object_id": "1",
    "model_path": "collection",
    "content_path": "collection",
    "content_path_hash": "b40b1263-e929-57f2-a7f8-9dbce56b887b"
  }
},
{
  "model": "wagtailcore.referenceindex",
  "pk": 16,
  "fields": {
    "content_type": [
      "projects",
      "project"
    ],
    "base_content_type": [
      "projects",
      "project"
    ],
    "object_id": "1",
    "to_content_type": [
      "wagtailimages",
      "image"
    ],
    "to_object_id": "11",
    "model_path": "images.item.image",
    "content_path": "images.1.image",
    "content_path_hash": "e663240b-c102-5733-9185-aa19f3a4a7f7"
  }
},
{
  "model": "wagtailcore.referenceindex",
  "pk": 17,
  "fields": {
    "content_type": [
      "projects",
      "project"
    ],
    "base_content_type": [
      "projects",
      "project"
    ],
    "object_id": "4",
    "to_content_type": [
      "wagtailimages",
      "image"
    ],
    "to_object_id": "10",
    "model_path": "images.item.image",
    "content_path": "images.4.image",
    "content_path_hash": "a54e5b02-dd7b-5236-8e17-cac820f51729"
  }
},
{
  "model": "wagtailcore.referenceindex",
  "pk": 18,
  "fields": {
    "content_type": [
      "projects",
      "project"
    ],
    "base_content_type": [
      "projects",
      "project"
    ],
    "object_id": "2",
    "to_content_type": [
      "wagtailimages",
      "image"
    ],
    "to_object_id": "8",
    "model_path": "images.item.image",
    "content_path": "images.2.image",
    "content_path_hash": "df4ce483-04f3-5dfd-9eb5-dd4fa2504833"
  }
},
{
  "model": "wagtailcore.referenceindex",
  "pk": 19,
  "fields": {
    "content_type": [
      "projects",
      "project"
    ],
    "base_content_type": [
      "projects",
      "project"
    ],
    "object_id": "3",
    "to_content_type": [
      "wagtailimages",
      "image"
    ],
    "to_object_id": "5",
    "model_path": "images.item.image",
    "content_path": "images.3.image",
    "content_path_hash": "a9f51fd4-59cc-5acc-8e3e-6bc693c9d265"
  }
},
{
  "model": "wagtailcore.referenceindex",
  "pk": 20,
  "fields": {
    "content_type": [
      "projects",
      "project"
    ],
    "base_content_type": [
      "projects",
      "project"
    ],
    "object_id": "3",
    "to_content_type": [
      "wagtailimages",
      "image"
    ],
    "to_object_id": "6",
    "model_path": "images.item.image",
    "content_path": "images.5.image",
    "content_path_hash": "d5f2268d-5ce2-5c22-9172-247604845671"
  }
},
{
  "model": "pages.companysettings",
  "pk": 1,
  "fields": {
    "site": [
      "localhost",
      80
    ],
    "company_name": "JCleemann Byg",
    "logo": null,
    "phone": "",
    "email": "",
    "cvr": "",
    "address": "",
    "footer_description": "",
    "facebook_url": "",
    "instagram_url": "",
    "linkedin_url": "",
    "show_google_maps": true,
    "google_maps_api_key": "",
    "copyright_text": ""
  }
},
{
  "model": "pages.designsettings",
  "pk": 1,
  "fields": {
    "site": [
      "localhost",
      80
    ],
    "theme": "light",
    "font_choice": "inter-playfair",
    "navigation_style": "horizontal",
    "show_navigation": true,
    "show_search_in_nav": false,
    "header_style": "standard",
    "navigation_cta_text": "",
    "navigation_cta_page": null,
    "enable_preview": true,
    "preview_url_override": ""
  }
},
{
  "model": "projects.project",
  "pk": 1,
  "fields": {
    "title": "Villa Moderna",
    "slug": "villa-moderna",
    "description": "<p data-block-key=\"x98k0\">Lorem ipsum dolor sit amet, consectetur adipiscing elit. Sed do eiusmod tempor incididunt ut labore et dolore magna aliqua. Ut enim ad minim veniam, quis nostrud exercitation.</p>",
    "materials": "Træ, Glas, Sten",
    "client_name": "",
    "location": "København",
    "featured": true,
    "published": true,
    "date": "2024-10-16"
  }
},
{
  "model": "projects.project",
  "pk": 2,
  "fields": {
    "title": "Traditionelt Hus",
    "slug": "traditionelt-hus",
    "description": "<p data-block-key=\"7sh9e\">Duis aute irure dolor in reprehenderit in voluptate velit esse cillum dolore eu fugiat nulla pariatur. Excepteur sint occaecat cupidatat non proident.</p>",
    "materials": "Træ, Tegl, Skifer",
    "client_name": "",
    "location": "Aarhus",
    "featured": true,
    "published": true,
    "date": "2024-07-23"
  }
},
{
  "model": "projects.project",
  "pk": 3,
  "fields": {
    "title": "Moderne Tilbygning",
    "slug": "moderne-tilbygning",
    "description": "<p data-block-key=\"0dcla\">Sed ut perspiciatis unde omnis iste natus error sit voluptatem accusantium doloremque laudantium, totam rem aperiam, eaque ipsa quae ab illo inventore.</p>",
    "materials": "Stål, Glas, Beton",
    "client_name": "",
    "location": "Odense",
    "featured": false,
    "published": true,
    "date": "2024-01-23"
  }
},
{
  "model": "projects.project",
  "pk": 4,
  "fields": {
    "title": "Træ Terrasse",
    "slug": "tr-terrasse",
    "description": "<p data-block-key=\"9ydac\">At vero eos et accusamus et iusto odio dignissimos ducimus qui blanditiis praesentium voluptatum deleniti atque corrupti quos dolores.</p>",
    "materials": "Lærketræ, Rustfrit stål",
    "client_name": "",
    "location": "Aalborg",
    "featured": false,
    "published": true,
    "date": "2024-08-10"
  }
},
{
  "model": "projects.projectimage",
  "pk": 1,
  "fields": {
    "sort_order": 0,
    "project": 1,
    "image": 11,
    "caption": "Billede af Villa Moderna",
    "alt_text": "Arkitekturbillede af Villa Moderna"
  }
},
{
  "model": "projects.projectimage",
  "pk": 2,
  "fields": {
    "sort_order": 0,
    "project": 2,
    "image": 8,
    "caption": "Billede af Traditionelt Hus",
    "alt_text": "Arkitekturbillede af Traditionelt Hus"
  }
},
{
  "model": "projects.projectimage",
  "pk": 3,
  "fields": {
    "sort_order": 0,
    "project": 3,
    "image": 5,
    "caption": "Billede af Moderne Tilbygning",
    "alt_text": "Arkitekturbillede af Moderne Tilbygning"
  }
},
{
  "model": "projects.projectimage",
  "pk": 4,
  "fields": {
    "sort_order": 0,
    "project": 4,
    "image": 10,
    "caption": "Billede af Træ Terrasse",
    "alt_text": "Arkitekturbillede af Træ Terrasse"
  }
},
{
  "model": "projects.projectimage",
  "pk": 5,
  "fields": {
    "sort_order": 1,
    "project": 3,
    "image": 6,
    "caption": "",
    "alt_text": ""
  }
},
{
  "model": "auth.group",
  "fields": {
    "name": "Moderators",
    "permissions": [
      [
        "access_admin",
        "wagtailadmin",
        "admin"
      ],
      [
        "add_document",
        "wagtaildocs",
        "document"
      ],
      [
        "change_document",
        "wagtaildocs",
        "document"
      ],
      [
        "choose_document",
        "wagtaildocs",
        "document"
      ],
      [
        "delete_document",
        "wagtaildocs",
        "document"
      ],
      [
        "add_image",
        "wagtailimages",
        "image"
      ],
      [
        "change_image",
        "wagtailimages",
        "image"
      ],
      [
        "choose_image",
        "wagtailimages",
        "image"
      ],
      [
        "delete_image",
        "wagtailimages",
        "image"
      ]
    ]
  }
},
{
  "model": "auth.group",
  "fields": {
    "name": "Editors",
    "permissions": [
      [
        "access_admin",
        "wagtailadmin",
        "admin"
      ],
      [
        "add_document",
        "wagtaildocs",
        "document"
      ],
      [
        "change_document",
        "wagtaildocs",
        "document"
      ],
      [
        "choose_document",
        "wagtaildocs",
        "document"
      ],
      [
        "delete_document",
        "wagtaildocs",
        "document"
      ],
      [
        "add_image",
        "wagtailimages",
        "image"
      ],
      [
        "change_image",
        "wagtailimages",
        "image"
      ],
      [
        "choose_image",
        "wagtailimages",
        "image"
      ],
      [
        "delete_image",
        "wagtailimages",
        "image"
      ]
    ]
  }
},
{
  "model": "auth.user",
  "fields": {
    "password": "pbkdf2_sha256$720000$4LFZYib1aLWyOF40Yh112X$xVJ12BP5PUsjjNqAH8sqHbEEkw3U9Yu+tH9b/DzkKRo=",
    "last_login": "2025-09-15T12:13:02.572Z",
    "is_superuser": true,
    "username": "admin",
    "first_name": "",
    "last_name": "",
    "email": "admin@customer.com",
    "is_staff": true,
    "is_active": true,
    "date_joined": "2025-09-15T09:49:54.400Z",
    "groups": [],
    "user_permissions": []
  }
},
{
  "model": "wagtailimages.image",
  "pk": 5,
  "fields": {
    "collection": 1,
    "title": "alternativeHand1",
    "file": "original_images/alternativeHand1_wnsENM2.jpg",
    "description": "",
    "width": 1280,
    "height": 960,
    "created_at": "2025-09-15T10:15:07.883Z",
    "uploaded_by_user": [
      "admin"
    ],
    "focal_point_x": null,
    "focal_point_y": null,
    "focal_point_width": null,
    "focal_point_height": null,
    "file_size": 215748,
    "file_hash": "cea75a7e708685f13e6c310d0af536f88e5d5833"
  }
},
{
  "model": "wagtailimages.image",
  "pk": 6,
  "fields": {
    "collection": 1,
    "title": "carpenter1",
    "file": "original_images/carpenter1_BlvoHMd.jpg",
    "description": "",
    "width": 1280,
    "height": 850,
    "created_at": "2025-09-15T10:15:07.946Z",
    "uploaded_by_user": [
      "admin"
    ],
    "focal_point_x": null,
    "focal_point_y": null,
    "focal_point_width": null,
    "focal_point_height": null,
    "file_size": 162312,
    "file_hash": "918ad8f09953af981e2aa51a917651ad73569b23"
  }
},
{
  "model": "wagtailimages.image",
  "pk": 7,
  "fields": {
    "collection": 1,
    "title": "carpenter2",
    "file": "original_images/carpenter2_6DfSDU1.jpg",
    "description": "",
    "width": 1280,
    "height": 857,
    "created_at": "2025-09-15T10:15:08Z",
    "uploaded_by_user": [
      "admin"
    ],
    "focal_point_x": null,
    "focal_point_y": null,
    "focal_point_width": null,
    "focal_point_height": null,
    "file_size": 241658,
    "file_hash": "2a2969106a12fb093ce4f9bc613ab623306d7d03"
  }
},
{
  "model": "wagtailimages.image",
  "pk": 8,
  "fields": {
    "collection": 1,
    "title": "carpenter3",
    "file": "original_images/carpenter3_J9nkebk.png",
    "description": "",
    "width": 1280,
    "height": 1280,
    "created_at": "2025-09-15T10:15:08.176Z",
    "uploaded_by_user": [
      "admin"
    ],
    "focal_point_x": null,
    "focal_point_y": null,
    "focal_point_width": null,
    "focal_point_height": null,
    "file_size": 2261611,
    "file_hash": "6d9de71940c01d9aed39d8907ce34b1015c90639"
  }
},
{
  "model": "wagtailimages.image",
  "pk": 9,
  "fields": {
    "collection": 1,
    "title": "handwork1",
    "file": "original_images/handwork1_J8dHhCh.jpg",
    "description": "",
    "width": 1280,
    "height": 853,
    "created_at": "2025-09-15T10:15:08.221Z",
    "uploaded_by_user": [
      "admin"
    ],
    "focal_point_x": null,
    "focal_point_y": null,
    "focal_point_width": null,
    "focal_point_height": null,
    "file_size": 327885,
    "file_hash": "f75ddc0ecd7b692131acdbdb8a4118395109d8f5"
  }
},
{
  "model": "wagtailimages.image",
  "pk": 10,
  "fields": {
    "collection": 1,
    "title": "roof1",
    "file": "original_images/roof1_PDvVDtL.jpg",
    "description": "",
    "width": 1280,
    "height": 679,
    "created_at": "2025-09-15T10:15:08.265Z",
    "uploaded_by_user": [
      "admin"
    ],
    "focal_point_x": null,
    "focal_point_y": null,
    "focal_point_width": null,
    "focal_point_height": null,
    "file_size": 389695,
    "file_hash": "431cb474c18bfdd7166c5b870aeeddde0730f1b6"
  }
},
{
  "model": "wagtailimages.image",
  "pk": 11,
  "fields": {
    "collection": 1,
    "title": "woodworking1",
    "file": "original_images/woodworking1_Y40tmZ6.jpg",
    "description": "",
    "width": 1280,
    "height": 853,
    "created_at": "2025-09-15T10:15:08.307Z",
    "uploaded_by_user": [
      "admin"
    ],
    "focal_point_x": null,
    "focal_point_y": null,
    "focal_point_width": null,
    "focal_point_height": null,
    "file_size": 173964,
    "file_hash": "1b7ef5d23e4891ce1863c8684ef1e06440f8a7db"
  }
},
{
  "model": "wagtailcore.revision",
  "pk": 1,
  "fields": {
    "content_type": [
      "pages",
      "homepage"
    ],
    "base_content_type": [
      "wagtailcore",
      "page"
    ],
    "object_id": "3",
    "created_at": "2025-09-15T09:52:38.740Z",
    "user": null,
    "object_str": "Velkommen til JCleemannByg",
    "content": {
      "pk": 3,
      "body": "[]",
      "live": true,
      "path": "00010002",
      "slug": "velkommen-til-jcleemannbyg",
      "depth": 2,
      "intro": "<p>Lorem ipsum dolor sit amet, consectetur adipiscing elit. Sed do eiusmod tempor incididunt ut labore et dolore magna aliqua.</p>",
      "owner": null,
      "title": "Velkommen til JCleemannByg",
      "locale": 1,
      "locked": false,
      "expired": false,
      "alias_of": null,
      "numchild": 0,
      "url_path": "/velkommen-til-jcleemannbyg/",
      "expire_at": null,
      "locked_at": null,
      "locked_by": null,
      "seo_title": "",
      "go_live_at": null,
      "draft_title": "Velkommen til JCleemannByg",
      "content_type": 55,
      "live_revision": null,
      "show_in_menus": false,
      "latest_revision": null,
      "translation_key": "f19d29c8-bb3b-4808-933f-e73271d4ec75",
      "last_published_at": null,
      "first_published_at": null,
      "search_description": "",
      "wagtail_admin_comments": [],
      "has_unpublished_changes": false,
      "latest_revision_created_at": null
    },
    "approved_go_live_at": null
  }
},
{
  "model": "wagtailcore.revision",
  "pk": 2,
  "fields": {
    "content_type": [
      "pages",
      "gallerypage"
    ],
    "base_content_type": [
      "wagtailcore",
      "page"
    ],
    "object_id": "4",
    "created_at": "2025-09-15T09:52:38.785Z",
    "user": null,
    "object_str": "Projekt Galleri",
    "content": {
      "pk": 4,
      "live": true,
      "path": "000100020001",
      "slug": "galleri",
      "depth": 3,
      "intro": "<p>Ut enim ad minim veniam, quis nostrud exercitation ullamco laboris nisi ut aliquip ex ea commodo consequat.</p>",
      "owner": null,
      "title": "Projekt Galleri",
      "locale": 1,
      "locked": false,
      "expired": false,
      "alias_of": null,
      "numchild": 0,
      "url_path": "/velkommen-til-jcleemannbyg/galleri/",
      "expire_at": null,
      "locked_at": null,
      "locked_by": null,
      "seo_title": "",
      "go_live_at": null,
      "draft_title": "Projekt Galleri",
      "content_type": 56,
      "live_revision": null,
      "show_in_menus": false,
      "latest_revision": null,
      "translation_key": "d9284f8a-835f-450e-90a7-18013aac342f",
      "last_published_at": null,
      "first_published_at": null,
      "search_description": "",
      "wagtail_admin_comments": [],
      "has_unpublished_changes": false,
      "latest_revision_created_at": null
    },
    "approved_go_live_at": null
  }
},
{
  "model": "wagtailcore.revision",
  "pk": 3,
  "fields": {
    "content_type": [
      "pages",
      "contactpage"
    ],
    "base_content_type": [
      "wagtailcore",
      "page"
    ],
    "object_id": "5",
    "created_at": "2025-09-15T09:52:38.822Z",
    "user": null,
    "object_str": "Kontakt Os",
    "content": {
      "pk": 5,
      "live": true,
      "path": "000100020002",
      "slug": "kontakt",
      "depth": 3,
      "intro": "<p>Duis aute irure dolor in reprehenderit in voluptate velit esse cillum dolore eu fugiat nulla pariatur.</p>",
      "owner": null,
      "title": "Kontakt Os",
      "locale": 1,
      "locked": false,
      "expired": false,
      "alias_of": null,
      "numchild": 0,
      "url_path": "/velkommen-til-jcleemannbyg/kontakt/",
      "expire_at": null,
      "locked_at": null,
      "locked_by": null,
      "seo_title": "",
      "go_live_at": null,
      "draft_title": "Kontakt Os",
      "content_type": 57,
      "live_revision": null,
      "show_in_menus": false,
      "latest_revision": null,
      "translation_key": "2e327d35-11d1-400d-81ca-15ff6857a5cf",
      "last_published_at": null,
      "show_contact_form": true,
      "contact_form_intro": "<p>Excepteur sint occaecat cupidatat non proident, sunt in culpa qui officia deserunt mollit anim id est laborum.</p>",
      "contact_form_title": "Send os en besked",
      "first_published_at": null,
      "search_description": "",
      "wagtail_admin_comments": [],
      "has_unpublished_changes": false,
      "latest_revision_created_at": null
    },
    "approved_go_live_at": null
  }
},
{
  "model": "wagtailcore.revision",
  "pk": 4,
  "fields": {
    "content_type": [
      "pages",
      "homepage"
    ],
    "base_content_type": [
      "wagtailcore",
      "page"
    ],
    "object_id": "3",
    "created_at": "2025-09-15T12:13:09.215Z",
    "user": [
      "admin"
    ],
    "object_str": "Velkomtxyrcfugvhibojen til JCleemannByg",
    "content": {
      "pk": 3,
      "body": "[]",
      "live": true,
      "path": "00010002",
      "slug": "velkommen-til-jcleemannbyg",
      "depth": 2,
      "intro": "<p data-block-key=\"56ll5\">Lorem ipsum dolor sit amet, consectetur adipiscing elit. Sed do eiusmod tempor incididunt ut labore et dolore magna aliqua.</p>",
      "owner": null,
      "title": "Velkomtxyrcfugvhibojen til JCleemannByg",
      "locale": 1,
      "locked": false,
      "expired": false,
      "alias_of": null,
      "numchild": 2,
      "url_path": "/velkommen-til-jcleemannbyg/",
      "expire_at": null,
      "locked_at": null,
      "locked_by": null,
      "seo_title": "",
      "go_live_at": null,
      "draft_title": "Velkommen til JCleemannByg",
      "content_type": 55,
      "live_revision": 1,
      "show_in_menus": false,
      "latest_revision": 1,
      "translation_key": "f19d29c8-bb3b-4808-933f-e73271d4ec75",
      "last_published_at": "2025-09-15T09:52:38.756Z",
      "first_published_at": "2025-09-15T09:52:38.756Z",
      "search_description": "",
      "wagtail_admin_comments": [],
      "has_unpublished_changes": false,
      "latest_revision_created_at": "2025-09-15T09:52:38.740Z"
    },
    "approved_go_live_at": null
  }
},
{
  "model": "wagtailcore.revision",
  "pk": 5,
  "fields": {
    "content_type": [
      "pages",
      "homepage"
    ],
    "base_content_type": [
      "wagtailcore",
      "page"
    ],
    "object_id": "3",
    "created_at": "2025-09-15T12:13:12.390Z",
    "user": [
      "admin"
    ],
    "object_str": "Velkomtxyrcfugvhibojen til JCleemannByg",
    "content": {
      "pk": 3,
      "body": "[]",
      "live": true,
      "path": "00010002",
      "slug": "velkommen-til-jcleemannbyg",
      "depth": 2,
      "intro": "<p data-block-key=\"56ll5\">Lorem ipsum dolor sit amet, consectetur adipiscing elit. Sed do eiusmod tempor incididunt ut labore et dolore magna aliqua.</p>",
      "owner": null,
      "title": "Velkomtxyrcfugvhibojen til JCleemannByg",
      "locale": 1,
      "locked": false,
      "expired": false,
      "alias_of": null,
      "numchild": 2,
      "url_path": "/velkommen-til-jcleemannbyg/",
      "expire_at": null,
      "locked_at": null,
      "locked_by": null,
      "seo_title": "",
      "go_live_at": null,
      "draft_title": "Velkomtxyrcfugvhibojen til JCleemannByg",
      "content_type": 55,
      "live_revision": 1,
      "show_in_menus": false,
      "latest_revision": 4,
      "translation_key": "f19d29c8-bb3b-4808-933f-e73271d4ec75",
      "last_published_at": "2025-09-15T09:52:38.756Z",
      "first_published_at": "2025-09-15T09:52:38.756Z",
      "search_description": "",
      "wagtail_admin_comments": [],
      "has_unpublished_changes": true,
      "latest_revision_created_at": "2025-09-15T12:13:09.215Z"
    },
    "approved_go_live_at": null
  }
},
{
  "model": "wagtailcore.groupcollectionpermission",
  "fields": {
    "group": [
      "Moderators"
    ],
    "collection": 1,
    "permission": [
      "add_image",
      "wagtailimages",
      "image"
    ]
  }
},
{
  "model": "wagtailcore.groupcollectionpermission",
  "fields": {
    "group": [
      "Editors"
    ],
    "collection": 1,
    "permission": [
      "add_image",
      "wagtailimages",
      "image"
    ]
  }
},
{
  "model": "wagtailcore.groupcollectionpermission",
  "fields": {
    "group": [
      "Moderators"
    ],
    "collection": 1,
    "permission": [
      "change_image",
      "wagtailimages",
      "image"
    ]
  }
},
{
  "model": "wagtailcore.groupcollectionpermission",
  "fields": {
    "group": [
      "Editors"
    ],
    "collection": 1,
    "permission": [
      "change_image",
      "wagtailimages",
      "image"
    ]
  }
},
{
  "model": "wagtailcore.groupcollectionpermission",
  "fields": {
    "group": [
      "Moderators"
    ],
    "collection": 1,
    "permission": [
      "choose_image",
      "wagtailimages",
      "image"
    ]
  }
},
{
  "model": "wagtailcore.groupcollectionpermission",
  "fields": {
    "group": [
      "Editors"
    ],
    "collection": 1,
    "permission": [
      "choose_image",
      "wagtailimages",
      "image"
    ]
  }
},
{
  "model": "wagtailcore.groupcollectionpermission",
  "fields": {
    "group": [
      "Moderators"
    ],
    "collection": 1,
    "permission": [
      "add_document",
      "wagtaildocs",
      "document"
    ]
  }
},
{
  "model": "wagtailcore.groupcollectionpermission",
  "fields": {
    "group": [
      "Editors"
    ],
    "collection": 1,
    "permission": [
      "add_document",
      "wagtaildocs",
      "document"
    ]
  }
},
{
  "model": "wagtailcore.groupcollectionpermission",
  "fields": {
    "group": [
      "Moderators"
    ],
    "collection": 1,
    "permission": [
      "change_document",
      "wagtaildocs",
      "document"
    ]
  }
},
{
  "model": "wagtailcore.groupcollectionpermission",
  "fields": {
    "group": [
      "Editors"
    ],
    "collection": 1,
    "permission": [
      "change_document",
      "wagtaildocs",
      "document"
    ]
  }
},
{
  "model": "wagtailcore.groupcollectionpermission",
  "fields": {
    "group": [
      "Moderators"
    ],
    "collection": 1,
    "permission": [
      "choose_document",
      "wagtaildocs",
      "document"
    ]
  }
},
{
  "model": "wagtailcore.groupcollectionpermission",
  "fields": {
    "group": [
      "Editors"
    ],
    "collection": 1,
    "permission": [
      "choose_document",
      "wagtaildocs",
      "document"
    ]
  }
},
{
  "model": "wagtailcore.groupapprovaltask",
  "pk": 1,
  "fields": {
    "task_ptr": 1,
    "groups": [
      [
        "Moderators"
      ]
    ]
  }
},
{
  "model": "wagtailcore.page",
  "pk": 1,
  "fields": {
    "path": "0001",
    "depth": 1,
    "numchild": 2,
    "translation_key": "3f758a55-d040-4a05-bb16-67354a32c10b",
    "locale": 1,
    "latest_revision": null,
    "live": true,
    "has_unpublished_changes": false,
    "first_published_at": null,
    "last_published_at": null,
    "live_revision": null,
    "go_live_at": null,
    "expire_at": null,
    "expired": false,
    "locked": false,
    "locked_at": null,
    "locked_by": null,
    "title": "Root",
    "draft_title": "Root",
    "slug": "root",
    "content_type": [
      "wagtailcore",
      "page"
    ],
    "url_path": "/",
    "owner": null,
    "seo_title": "",
    "show_in_menus": false,
    "search_description": "",
    "latest_revision_created_at": null,
    "alias_of": null
  }
},
{
  "model": "wagtailcore.page",
  "pk": 2,
  "fields": {
    "path": "00010001",
    "depth": 2,
    "numchild": 0,
    "translation_key": "7f0fae52-f888-4b74-8343-d7104e2499ce",
    "locale": 1,
    "latest_revision": null,
    "live": true,
    "has_unpublished_changes": false,
    "first_published_at": null,
    "last_published_at": null,
    "live_revision": null,
    "go_live_at": null,
    "expire_at": null,
    "expired": false,
    "locked": false,
    "locked_at": null,
    "locked_by": null,
    "title": "Welcome to your new Wagtail site!",
    "draft_title": "Welcome to your new Wagtail site!",
    "slug": "home",
    "content_type": [
      "wagtailcore",
      "page"
    ],
    "url_path": "/home/",
    "owner": null,
    "seo_title": "",
    "show_in_menus": false,
    "search_description": "",
    "latest_revision_created_at": null,
    "alias_of": null
  }
},
{
  "model": "wagtailcore.page",
  "pk": 3,
  "fields": {
    "path": "00010002",
    "depth": 2,
    "numchild": 2,
    "translation_key": "f19d29c8-bb3b-4808-933f-e73271d4ec75",
    "locale": 1,
    "latest_revision": 5,
    "live": true,
    "has_unpublished_changes": false,
    "first_published_at": "2025-09-15T09:52:38.756Z",
    "last_published_at": "2025-09-15T12:13:12.422Z",
    "live_revision": 5,
    "go_live_at": null,
    "expire_at": null,
    "expired": false,
    "locked": false,
    "locked_at": null,
    "locked_by": null,
    "title": "Velkomtxyrcfugvhibojen til JCleemannByg",
    "draft_title": "Velkomtxyrcfugvhibojen til JCleemannByg",
    "slug": "velkommen-til-jcleemannbyg",
    "content_type": [
      "pages",
      "homepage"
    ],
    "url_path": "/velkommen-til-jcleemannbyg/",
    "owner": null,
    "seo_title": "",
    "show_in_menus": false,
    "search_description": "",
    "latest_revision_created_at": "2025-09-15T12:13:12.390Z",
    "alias_of": null
  }
},
{
  "model": "wagtailcore.page",
  "pk": 4,
  "fields": {
    "path": "000100020001",
    "depth": 3,
    "numchild": 0,
    "translation_key": "d9284f8a-835f-450e-90a7-18013aac342f",
    "locale": 1,
    "latest_revision": 2,
    "live": true,
    "has_unpublished_changes": false,
    "first_published_at": "2025-09-15T09:52:38.797Z",
    "last_published_at": "2025-09-15T09:52:38.797Z",
    "live_revision": 2,
    "go_live_at": null,
    "expire_at": null,
    "expired": false,
    "locked": false,
    "locked_at": null,
    "locked_by": null,
    "title": "Projekt Galleri",
    "draft_title": "Projekt Galleri",
    "slug": "galleri",
    "content_type": [
      "pages",
      "gallerypage"
    ],
    "url_path": "/velkommen-til-jcleemannbyg/galleri/",
    "owner": null,
    "seo_title": "",
    "show_in_menus": false,
    "search_description": "",
    "latest_revision_created_at": "2025-09-15T09:52:38.785Z",
    "alias_of": null
  }
},
{
  "model": "wagtailcore.page",
  "pk": 5,
  "fields": {
    "path": "000100020002",
    "depth": 3,
    "numchild": 0,
    "translation_key": "2e327d35-11d1-400d-81ca-15ff6857a5cf",
    "locale": 1,
    "latest_revision": 3,
    "live": true,
    "has_unpublished_changes": false,
    "first_published_at": "2025-09-15T09:52:38.834Z",
    "last_published_at": "2025-09-15T09:52:38.834Z",
    "live_revision": 3,
    "go_live_at": null,
    "expire_at": null,
    "expired": false,
    "locked": false,
    "locked_at": null,
    "locked_by": null,
    "title": "Kontakt Os",
    "draft_title": "Kontakt Os",
    "slug": "kontakt",
    "content_type": [
      "pages",
      "contactpage"
    ],
    "url_path": "/velkommen-til-jcleemannbyg/kontakt/",
    "owner": null,
    "seo_title": "",
    "show_in_menus": false,
    "search_description": "",
    "latest_revision_created_at": "2025-09-15T09:52:38.822Z",
    "alias_of": null
  }
},
{
  "model": "wagtailcore.grouppagepermission",
  "pk": 1,
  "fields": {
    "group": [
      "Moderators"
    ],
    "page": 1,
    "permission": [
      "add_page",
      "wagtailcore",
      "page"
    ]
  }
},
{
  "model": "wagtailcore.grouppagepermission",
  "pk": 2,
  "fields": {
    "group": [
      "Moderators"
    ],
    "page": 1,
    "permission": [
      "change_page",
      "wagtailcore",
      "page"
    ]
  }
},
{
  "model": "wagtailcore.grouppagepermission",
  "pk": 3,
  "fields": {
    "group": [
      "Moderators"
    ],
    "page": 1,
    "permission": [
      "publish_page",
      "wagtailcore",
      "page"
    ]
  }
},
{
  "model": "wagtailcore.grouppagepermission",
  "pk": 4,
  "fields": {
    "group": [
      "Editors"
    ],
    "page": 1,
    "permission": [
      "add_page",
      "wagtailcore",
      "page"
    ]
  }
},
{
  "model": "wagtailcore.grouppagepermission",
  "pk": 5,
  "fields": {
    "group": [
      "Editors"
    ],
    "page": 1,
    "permission": [
      "change_page",
      "wagtailcore",
      "page"
    ]
  }
},
{
  "model": "wagtailcore.grouppagepermission",
  "pk": 6,
  "fields": {
    "group": [
      "Moderators"
    ],
    "page": 1,
    "permission": [
      "lock_page",
      "wagtailcore",
      "page"
    ]
  }
},
{
  "model": "wagtailcore.grouppagepermission",
  "pk": 7,
  "fields": {
    "group": [
      "Moderators"
    ],
    "page": 1,
    "permission": [
      "unlock_page",
      "wagtailcore",
      "page"
    ]
  }
},
{
  "model": "wagtailcore.pagelogentry",
  "pk": 1,
  "fields": {
    "content_type": [
      "pages",
      "homepage"
    ],
    "label": "Velkommen til JCleemannByg",
    "action": "wagtail.create",
    "data": {},
    "timestamp": "2025-09-15T09:52:38.724Z",
    "uuid": null,
    "user": null,
    "revision": null,
    "content_changed": true,
    "deleted": false,
    "page": 3
  }
},
{
  "model": "wagtailcore.pagelogentry",
  "pk": 2,
  "fields": {
    "content_type": [
      "pages",
      "homepage"
    ],
    "label": "Velkommen til JCleemannByg",
    "action": "wagtail.publish",
    "data": {},
    "timestamp": "2025-09-15T09:52:38.768Z",
    "uuid": null,
    "user": null,
    "revision": 1,
    "content_changed": true,
    "deleted": false,
    "page": 3
  }
},
{
  "model": "wagtailcore.pagelogentry",
  "pk": 3,
  "fields": {
    "content_type": [
      "pages",
      "gallerypage"
    ],
    "label": "Projekt Galleri",
    "action": "wagtail.create",
    "data": {},
    "timestamp": "2025-09-15T09:52:38.776Z",
    "uuid": null,
    "user": null,
    "revision": null,
    "content_changed": true,
    "deleted": false,
    "page": 4
  }
},
{
  "model": "wagtailcore.pagelogentry",
  "pk": 4,
  "fields": {
    "content_type": [
      "pages",
      "gallerypage"
    ],
    "label": "Projekt Galleri",
    "action": "wagtail.publish",
    "data": {},
    "timestamp": "2025-09-15T09:52:38.808Z",
    "uuid": null,
    "user": null,
    "revision": 2,
    "content_changed": true,
    "deleted": false,
    "page": 4
  }
},
{
  "model": "wagtailcore.pagelogentry",
  "pk": 5,
  "fields": {
    "content_type": [
      "pages",
      "contactpage"
    ],
    "label": "Kontakt Os",
    "action": "wagtail.create",
    "data": {},
    "timestamp": "2025-09-15T09:52:38.814Z",
    "uuid": null,
    "user": null,
    "revision": null,
    "content_changed": true,
    "deleted": false,
    "page": 5
  }
},
{
  "model": "wagtailcore.pagelogentry",
  "pk": 6,
  "fields": {
    "content_type": [
      "pages",
      "contactpage"
    ],
    "label": "Kontakt Os",
    "action": "wagtail.publish",
    "data": {},
    "timestamp": "2025-09-15T09:52:38.844Z",
    "uuid": null,
    "user": null,
    "revision": 3,
    "content_changed": true,
    "deleted": false,
    "page": 5
  }
},
{
  "model": "wagtailcore.pagelogentry",
  "pk": 7,
  "fields": {
    "content_type": [
      "pages",
      "homepage"
    ],
    "label": "Velkommen til JCleemannByg",
    "action": "wagtail.edit",
    "data": {},
    "timestamp": "2025-09-15T12:13:09.242Z",
    "uuid": "40af5842-b254-4df8-b63d-90c86f369107",
    "user": [
      "admin"
    ],
    "revision": 4,
    "content_changed": true,
    "deleted": false,
    "page": 3
  }
},
{
  "model": "wagtailcore.pagelogentry",
  "pk": 8,
  "fields": {
    "content_type": [
      "pages",
      "homepage"
    ],
    "label": "Velkomtxyrcfugvhibojen til JCleemannByg",
    "action": "wagtail.edit",
    "data": {},
    "timestamp": "2025-09-15T12:13:12.412Z",
    "uuid": "63e50c0f-2a1e-4bb6-8f21-2c350bb5691b",
    "user": [
      "admin"
    ],
    "revision": 5,
    "content_changed": true,
    "deleted": false,
    "page": 3
  }
},
{
  "model": "wagtailcore.pagelogentry",
  "pk": 9,
  "fields": {
    "content_type": [
      "pages",
      "homepage"
    ],
    "label": "Velkomtxyrcfugvhibojen til JCleemannByg",
    "action": "wagtail.rename",
    "data": {
      "title": {
        "new": "Velkomtxyrcfugvhibojen til JCleemannByg",
        "old": "Velkommen til JCleemannByg"
      }
    },
    "timestamp": "2025-09-15T12:13:12.441Z",
    "uuid": "63e50c0f-2a1e-4bb6-8f21-2c350bb5691b",
    "user": [
      "admin"
    ],
    "revision": 5,
    "content_changed": false,
    "deleted": false,
    "page": 3
  }
},
{
  "model": "wagtailcore.pagelogentry",
  "pk": 10,
  "fields": {
    "content_type": [
      "pages",
      "homepage"
    ],
    "label": "Velkomtxyrcfugvhibojen til JCleemannByg",
    "action": "wagtail.publish",
    "data": {
      "title": {
        "new": "Velkomtxyrcfugvhibojen til JCleemannByg",
        "old": "Velkommen til JCleemannByg"
      }
    },
    "timestamp": "2025-09-15T12:13:12.444Z",
    "uuid": "63e50c0f-2a1e-4bb6-8f21-2c350bb5691b",
    "user": [
      "admin"
    ],
    "revision": 5,
    "content_changed": false,
    "deleted": false,
    "page": 3
  }
},
{
  "model": "wagtailcore.pagesubscription",
  "pk": 1,
  "fields": {
    "user": [
      "admin"
    ],
    "page": 3,
    "comment_notifications": false
  }
},
{
  "model": "pages.homepage",
  "pk": 3,
  "fields": {
    "page_ptr": 3,
    "intro": "<p data-block-key=\"56ll5\">Lorem ipsum dolor sit amet, consectetur adipiscing elit. Sed do eiusmod tempor incididunt ut labore et dolore magna aliqua.</p>",
    "body": "[]"
  }
},
{
  "model": "pages.gallerypage",
  "pk": 4,
  "fields": {
    "page_ptr": 4,
    "intro": "<p>Ut enim ad minim veniam, quis nostrud exercitation ullamco laboris nisi ut aliquip ex ea commodo consequat.</p>"
  }
},
{
  "model": "pages.contactpage",
  "pk": 5,
  "fields": {
    "page_ptr": 5,
    "intro": "<p>Duis aute irure dolor in reprehenderit in voluptate velit esse cillum dolore eu fugiat nulla pariatur.</p>",
    "show_contact_form": true,
    "contact_form_title": "Send os en besked",
    "contact_form_intro": "<p>Excepteur sint occaecat cupidatat non proident, sunt in culpa qui officia deserunt mollit anim id est laborum.</p>"
  }
}
]
