[
{
  "model": "sites.site",
  "fields": {
    "domain": "example.com",
    "name": "example.com"
  }
},
{
  "model": "wagtailimages.rendition",
  "pk": 9,
  "fields": {
    "filter_spec": "max-165x165",
    "file": "images/woodworking1_Y40tmZ6.max-165x165.jpg",
    "width": 165,
    "height": 109,
    "focal_point_key": "",
    "image": 11
  }
},
{
  "model": "wagtailimages.rendition",
  "pk": 10,
  "fields": {
    "filter_spec": "max-165x165",
    "file": "images/roof1_PDvVDtL.max-165x165.jpg",
    "width": 165,
    "height": 87,
    "focal_point_key": "",
    "image": 10
  }
},
{
  "model": "wagtailimages.rendition",
  "pk": 11,
  "fields": {
    "filter_spec": "max-165x165",
    "file": "images/handwork1_J8dHhCh.max-165x165.jpg",
    "width": 165,
    "height": 109,
    "focal_point_key": "",
    "image": 9
  }
},
{
  "model": "wagtailimages.rendition",
  "pk": 12,
  "fields": {
    "filter_spec": "max-165x165",
    "file": "images/carpenter3_J9nkebk.max-165x165.png",
    "width": 165,
    "height": 165,
    "focal_point_key": "",
    "image": 8
  }
},
{
  "model": "wagtailimages.rendition",
  "pk": 13,
  "fields": {
    "filter_spec": "max-165x165",
    "file": "images/carpenter2_6DfSDU1.max-165x165.jpg",
    "width": 165,
    "height": 110,
    "focal_point_key": "",
    "image": 7
  }
},
{
  "model": "wagtailimages.rendition",
  "pk": 14,
  "fields": {
    "filter_spec": "max-165x165",
    "file": "images/carpenter1_BlvoHMd.max-165x165.jpg",
    "width": 165,
    "height": 109,
    "focal_point_key": "",
    "image": 6
  }
},
{
  "model": "wagtailimages.rendition",
  "pk": 15,
  "fields": {
    "filter_spec": "max-165x165",
    "file": "images/alternativeHand1_wnsENM2.max-165x165.jpg",
    "width": 165,
    "height": 123,
    "focal_point_key": "",
    "image": 5
  }
},
{
  "model": "wagtailimages.rendition",
  "pk": 16,
  "fields": {
    "filter_spec": "fill-60x60",
    "file": "images/woodworking1_Y40tmZ6.2e16d0ba.fill-60x60.jpg",
    "width": 60,
    "height": 60,
    "focal_point_key": "2e16d0ba",
    "image": 11
  }
},
{
  "model": "wagtailimages.rendition",
  "pk": 17,
  "fields": {
    "filter_spec": "fill-60x60",
    "file": "images/roof1_PDvVDtL.2e16d0ba.fill-60x60.jpg",
    "width": 60,
    "height": 60,
    "focal_point_key": "2e16d0ba",
    "image": 10
  }
},
{
  "model": "wagtailimages.rendition",
  "pk": 18,
  "fields": {
    "filter_spec": "fill-60x60",
    "file": "images/carpenter3_J9nkebk.2e16d0ba.fill-60x60.png",
    "width": 60,
    "height": 60,
    "focal_point_key": "2e16d0ba",
    "image": 8
  }
},
{
  "model": "wagtailimages.rendition",
  "pk": 19,
  "fields": {
    "filter_spec": "fill-60x60",
    "file": "images/alternativeHand1_wnsENM2.2e16d0ba.fill-60x60.jpg",
    "width": 60,
    "height": 60,
    "focal_point_key": "2e16d0ba",
    "image": 5
  }
},
{
  "model": "wagtailimages.rendition",
  "pk": 20,
  "fields": {
    "filter_spec": "width-400",
    "file": "images/woodworking1_Y40tmZ6.width-400.jpg",
    "width": 400,
    "height": 266,
    "focal_point_key": "",
    "image": 11
  }
},
{
  "model": "wagtailimages.rendition",
  "pk": 21,
  "fields": {
    "filter_spec": "width-400",
    "file": "images/roof1_PDvVDtL.width-400.jpg",
    "width": 400,
    "height": 212,
    "focal_point_key": "",
    "image": 10
  }
},
{
  "model": "wagtailimages.rendition",
  "pk": 22,
  "fields": {
    "filter_spec": "width-400",
    "file": "images/carpenter3_J9nkebk.width-400.png",
    "width": 400,
    "height": 400,
    "focal_point_key": "",
    "image": 8
  }
},
{
  "model": "wagtailimages.rendition",
  "pk": 23,
  "fields": {
    "filter_spec": "width-400",
    "file": "images/alternativeHand1_wnsENM2.width-400.jpg",
    "width": 400,
    "height": 300,
    "focal_point_key": "",
    "image": 5
  }
},
{
  "model": "wagtailcore.locale",
  "pk": 1,
  "fields": {
    "language_code": "da"
  }
},
{
  "model": "wagtailcore.site",
  "fields": {
    "hostname": "localhost",
    "port": 80,
    "site_name": "",
    "root_page": 3,
    "is_default_site": true
  }
},
{
  "model": "wagtailcore.collection",
  "pk": 1,
  "fields": {
    "path": "0001",
    "depth": 1,
    "numchild": 0,
    "name": "Root"
  }
},
{
  "model": "wagtailcore.workflow",
  "pk": 1,
  "fields": {
    "name": "Moderators approval",
    "active": true
  }
},
{
  "model": "wagtailcore.workflowtask",
  "pk": 1,
  "fields": {
    "sort_order": 0,
    "workflow": 1,
    "task": 1
  }
},
{
  "model": "wagtailcore.task",
  "pk": 1,
  "fields": {
    "name": "Moderators approval",
    "content_type": [
      "wagtailcore",
      "groupapprovaltask"
    ],
    "active": true
  }
},
{
  "model": "wagtailcore.workflowpage",
  "pk": 1,
  "fields": {
    "workflow": 1
  }
},
{
  "model": "pages.companysettings",
  "pk": 1,
  "fields": {
    "site": [
      "localhost",
      80
    ],
    "company_name": "JCleemann Byg",
    "logo": null,
    "phone": "",
    "email": "",
    "cvr": "",
    "address": "",
    "footer_description": "",
    "facebook_url": "",
    "instagram_url": "",
    "linkedin_url": "",
    "show_google_maps": true,
    "google_maps_api_key": "",
    "copyright_text": ""
  }
},
{
  "model": "pages.navigationlink",
  "pk": 1,
  "fields": {
    "name": "Galleri",
    "url": "/galleri/",
    "link_type": "internal",
    "show_in_header": true,
    "show_in_footer": true,
    "order": 1,
    "icon": "",
    "open_in_new_tab": false
  }
},
{
  "model": "pages.navigationlink",
  "pk": 2,
  "fields": {
    "name": "Om Os",
    "url": "/om-os/",
    "link_type": "internal",
    "show_in_header": true,
    "show_in_footer": true,
    "order": 2,
    "icon": "",
    "open_in_new_tab": false
  }
},
{
  "model": "pages.navigationlink",
  "pk": 3,
  "fields": {
    "name": "FAQ",
    "url": "/faq/",
    "link_type": "internal",
    "show_in_header": true,
    "show_in_footer": true,
    "order": 3,
    "icon": "",
    "open_in_new_tab": false
  }
},
{
  "model": "pages.navigationlink",
  "pk": 4,
  "fields": {
    "name": "Kontakt",
    "url": "/kontakt/",
    "link_type": "internal",
    "show_in_header": true,
    "show_in_footer": true,
    "order": 4,
    "icon": "",
    "open_in_new_tab": false
  }
},
{
  "model": "pages.headersettings",
  "pk": 1,
  "fields": {
    "name": "Standard Header",
    "header_style": "standard",
    "show_search": true,
    "show_theme_toggle": true,
    "show_cta_button": false,
    "cta_button_text": "Kontakt os",
    "cta_button_url": "/kontakt/",
    "mobile_menu_style": "slide",
    "sticky_header": true,
    "header_height": "h-16"
  }
},
{
  "model": "pages.footersettings",
  "pk": 1,
  "fields": {
    "name": "Standard Footer",
    "footer_style": "standard",
    "show_company_info": true,
    "show_social_links": true,
    "show_quick_links": true,
    "show_newsletter_signup": false,
    "newsletter_title": "Tilmeld dig vores nyhedsbrev",
    "newsletter_description": "Få de seneste nyheder og tilbud direkte i din indbakke.",
    "copyright_text": "© 2025 JCleemann Byg. Alle rettigheder forbeholdes.",
    "footer_height": "auto"
  }
},
{
  "model": "projects.project",
  "pk": 1,
  "fields": {
    "title": "Villa Moderna",
    "slug": "villa-moderna",
    "description": "<p data-block-key=\"x98k0\">Lorem ipsum dolor sit amet, consectetur adipiscing elit. Sed do eiusmod tempor incididunt ut labore et dolore magna aliqua. Ut enim ad minim veniam, quis nostrud exercitation.</p>",
    "materials": "Træ, Glas, Sten",
    "client_name": "",
    "location": "København",
    "featured": true,
    "published": true,
    "date": "2024-10-16"
  }
},
{
  "model": "projects.project",
  "pk": 2,
  "fields": {
    "title": "Traditionelt Hus",
    "slug": "traditionelt-hus",
    "description": "<p data-block-key=\"7sh9e\">Duis aute irure dolor in reprehenderit in voluptate velit esse cillum dolore eu fugiat nulla pariatur. Excepteur sint occaecat cupidatat non proident.</p>",
    "materials": "Træ, Tegl, Skifer",
    "client_name": "",
    "location": "Aarhus",
    "featured": true,
    "published": true,
    "date": "2024-07-23"
  }
},
{
  "model": "projects.project",
  "pk": 3,
  "fields": {
    "title": "Moderne Tilbygning",
    "slug": "moderne-tilbygning",
    "description": "<p data-block-key=\"0dcla\">Sed ut perspiciatis unde omnis iste natus error sit voluptatem accusantium doloremque laudantium, totam rem aperiam, eaque ipsa quae ab illo inventore.</p>",
    "materials": "Stål, Glas, Beton",
    "client_name": "",
    "location": "Odense",
    "featured": false,
    "published": true,
    "date": "2024-01-23"
  }
},
{
  "model": "projects.project",
  "pk": 4,
  "fields": {
    "title": "Træ Terrasse",
    "slug": "tr-terrasse",
    "description": "<p data-block-key=\"9ydac\">At vero eos et accusamus et iusto odio dignissimos ducimus qui blanditiis praesentium voluptatum deleniti atque corrupti quos dolores.</p>",
    "materials": "Lærketræ, Rustfrit stål",
    "client_name": "",
    "location": "Aalborg",
    "featured": false,
    "published": true,
    "date": "2024-08-10"
  }
},
{
  "model": "projects.projectimage",
  "pk": 1,
  "fields": {
    "sort_order": 0,
    "project": 1,
    "image": 11,
    "caption": "Billede af Villa Moderna",
    "alt_text": "Arkitekturbillede af Villa Moderna"
  }
},
{
  "model": "projects.projectimage",
  "pk": 2,
  "fields": {
    "sort_order": 0,
    "project": 2,
    "image": 8,
    "caption": "Billede af Traditionelt Hus",
    "alt_text": "Arkitekturbillede af Traditionelt Hus"
  }
},
{
  "model": "projects.projectimage",
  "pk": 3,
  "fields": {
    "sort_order": 0,
    "project": 3,
    "image": 5,
    "caption": "Billede af Moderne Tilbygning",
    "alt_text": "Arkitekturbillede af Moderne Tilbygning"
  }
},
{
  "model": "projects.projectimage",
  "pk": 4,
  "fields": {
    "sort_order": 0,
    "project": 4,
    "image": 10,
    "caption": "Billede af Træ Terrasse",
    "alt_text": "Arkitekturbillede af Træ Terrasse"
  }
},
{
  "model": "projects.projectimage",
  "pk": 5,
  "fields": {
    "sort_order": 1,
    "project": 3,
    "image": 6,
    "caption": "",
    "alt_text": ""
  }
},
{
  "model": "auth.group",
  "fields": {
    "name": "Moderators",
    "permissions": [
      [
        "access_admin",
        "wagtailadmin",
        "admin"
      ],
      [
        "add_document",
        "wagtaildocs",
        "document"
      ],
      [
        "change_document",
        "wagtaildocs",
        "document"
      ],
      [
        "choose_document",
        "wagtaildocs",
        "document"
      ],
      [
        "delete_document",
        "wagtaildocs",
        "document"
      ],
      [
        "add_image",
        "wagtailimages",
        "image"
      ],
      [
        "change_image",
        "wagtailimages",
        "image"
      ],
      [
        "choose_image",
        "wagtailimages",
        "image"
      ],
      [
        "delete_image",
        "wagtailimages",
        "image"
      ]
    ]
  }
},
{
  "model": "auth.group",
  "fields": {
    "name": "Editors",
    "permissions": [
      [
        "access_admin",
        "wagtailadmin",
        "admin"
      ],
      [
        "add_document",
        "wagtaildocs",
        "document"
      ],
      [
        "change_document",
        "wagtaildocs",
        "document"
      ],
      [
        "choose_document",
        "wagtaildocs",
        "document"
      ],
      [
        "delete_document",
        "wagtaildocs",
        "document"
      ],
      [
        "add_image",
        "wagtailimages",
        "image"
      ],
      [
        "change_image",
        "wagtailimages",
        "image"
      ],
      [
        "choose_image",
        "wagtailimages",
        "image"
      ],
      [
        "delete_image",
        "wagtailimages",
        "image"
      ]
    ]
  }
},
{
  "model": "auth.user",
  "fields": {
    "password": "pbkdf2_sha256$720000$4LFZYib1aLWyOF40Yh112X$xVJ12BP5PUsjjNqAH8sqHbEEkw3U9Yu+tH9b/DzkKRo=",
    "last_login": "2025-09-15T12:08:19.601Z",
    "is_superuser": true,
    "username": "admin",
    "first_name": "",
    "last_name": "",
    "email": "admin@customer.com",
    "is_staff": true,
    "is_active": true,
    "date_joined": "2025-09-15T09:49:54.400Z",
    "groups": [],
    "user_permissions": []
  }
},
{
  "model": "wagtailimages.image",
  "pk": 5,
  "fields": {
    "collection": 1,
    "title": "alternativeHand1",
    "file": "original_images/alternativeHand1_wnsENM2.jpg",
    "description": "",
    "width": 1280,
    "height": 960,
    "created_at": "2025-09-15T10:15:07.883Z",
    "uploaded_by_user": [
      "admin"
    ],
    "focal_point_x": null,
    "focal_point_y": null,
    "focal_point_width": null,
    "focal_point_height": null,
    "file_size": 215748,
    "file_hash": "cea75a7e708685f13e6c310d0af536f88e5d5833"
  }
},
{
  "model": "wagtailimages.image",
  "pk": 6,
  "fields": {
    "collection": 1,
    "title": "carpenter1",
    "file": "original_images/carpenter1_BlvoHMd.jpg",
    "description": "",
    "width": 1280,
    "height": 850,
    "created_at": "2025-09-15T10:15:07.946Z",
    "uploaded_by_user": [
      "admin"
    ],
    "focal_point_x": null,
    "focal_point_y": null,
    "focal_point_width": null,
    "focal_point_height": null,
    "file_size": 162312,
    "file_hash": "918ad8f09953af981e2aa51a917651ad73569b23"
  }
},
{
  "model": "wagtailimages.image",
  "pk": 7,
  "fields": {
    "collection": 1,
    "title": "carpenter2",
    "file": "original_images/carpenter2_6DfSDU1.jpg",
    "description": "",
    "width": 1280,
    "height": 857,
    "created_at": "2025-09-15T10:15:08Z",
    "uploaded_by_user": [
      "admin"
    ],
    "focal_point_x": null,
    "focal_point_y": null,
    "focal_point_width": null,
    "focal_point_height": null,
    "file_size": 241658,
    "file_hash": "2a2969106a12fb093ce4f9bc613ab623306d7d03"
  }
},
{
  "model": "wagtailimages.image",
  "pk": 8,
  "fields": {
    "collection": 1,
    "title": "carpenter3",
    "file": "original_images/carpenter3_J9nkebk.png",
    "description": "",
    "width": 1280,
    "height": 1280,
    "created_at": "2025-09-15T10:15:08.176Z",
    "uploaded_by_user": [
      "admin"
    ],
    "focal_point_x": null,
    "focal_point_y": null,
    "focal_point_width": null,
    "focal_point_height": null,
    "file_size": 2261611,
    "file_hash": "6d9de71940c01d9aed39d8907ce34b1015c90639"
  }
},
{
  "model": "wagtailimages.image",
  "pk": 9,
  "fields": {
    "collection": 1,
    "title": "handwork1",
    "file": "original_images/handwork1_J8dHhCh.jpg",
    "description": "",
    "width": 1280,
    "height": 853,
    "created_at": "2025-09-15T10:15:08.221Z",
    "uploaded_by_user": [
      "admin"
    ],
    "focal_point_x": null,
    "focal_point_y": null,
    "focal_point_width": null,
    "focal_point_height": null,
    "file_size": 327885,
    "file_hash": "f75ddc0ecd7b692131acdbdb8a4118395109d8f5"
  }
},
{
  "model": "wagtailimages.image",
  "pk": 10,
  "fields": {
    "collection": 1,
    "title": "roof1",
    "file": "original_images/roof1_PDvVDtL.jpg",
    "description": "",
    "width": 1280,
    "height": 679,
    "created_at": "2025-09-15T10:15:08.265Z",
    "uploaded_by_user": [
      "admin"
    ],
    "focal_point_x": null,
    "focal_point_y": null,
    "focal_point_width": null,
    "focal_point_height": null,
    "file_size": 389695,
    "file_hash": "431cb474c18bfdd7166c5b870aeeddde0730f1b6"
  }
},
{
  "model": "wagtailimages.image",
  "pk": 11,
  "fields": {
    "collection": 1,
    "title": "woodworking1",
    "file": "original_images/woodworking1_Y40tmZ6.jpg",
    "description": "",
    "width": 1280,
    "height": 853,
    "created_at": "2025-09-15T10:15:08.307Z",
    "uploaded_by_user": [
      "admin"
    ],
    "focal_point_x": null,
    "focal_point_y": null,
    "focal_point_width": null,
    "focal_point_height": null,
    "file_size": 173964,
    "file_hash": "1b7ef5d23e4891ce1863c8684ef1e06440f8a7db"
  }
},
{
  "model": "wagtailcore.revision",
  "pk": 1,
  "fields": {
    "content_type": [
      "pages",
      "homepage"
    ],
    "base_content_type": [
      "wagtailcore",
      "page"
    ],
    "object_id": "3",
    "created_at": "2025-09-15T09:52:38.740Z",
    "user": null,
    "object_str": "Velkommen til JCleemannByg",
    "content": {
      "pk": 3,
      "body": "[]",
      "live": true,
      "path": "00010002",
      "slug": "velkommen-til-jcleemannbyg",
      "depth": 2,
      "intro": "<p>Lorem ipsum dolor sit amet, consectetur adipiscing elit. Sed do eiusmod tempor incididunt ut labore et dolore magna aliqua.</p>",
      "owner": null,
      "title": "Velkommen til JCleemannByg",
      "locale": 1,
      "locked": false,
      "expired": false,
      "alias_of": null,
      "numchild": 0,
      "url_path": "/velkommen-til-jcleemannbyg/",
      "expire_at": null,
      "locked_at": null,
      "locked_by": null,
      "seo_title": "",
      "go_live_at": null,
      "draft_title": "Velkommen til JCleemannByg",
      "content_type": 55,
      "live_revision": null,
      "show_in_menus": false,
      "latest_revision": null,
      "translation_key": "f19d29c8-bb3b-4808-933f-e73271d4ec75",
      "last_published_at": null,
      "first_published_at": null,
      "search_description": "",
      "wagtail_admin_comments": [],
      "has_unpublished_changes": false,
      "latest_revision_created_at": null
    },
    "approved_go_live_at": null
  }
},
{
  "model": "wagtailcore.revision",
  "pk": 2,
  "fields": {
    "content_type": [
      "pages",
      "gallerypage"
    ],
    "base_content_type": [
      "wagtailcore",
      "page"
    ],
    "object_id": "4",
    "created_at": "2025-09-15T09:52:38.785Z",
    "user": null,
    "object_str": "Projekt Galleri",
    "content": {
      "pk": 4,
      "live": true,
      "path": "000100020001",
      "slug": "galleri",
      "depth": 3,
      "intro": "<p>Ut enim ad minim veniam, quis nostrud exercitation ullamco laboris nisi ut aliquip ex ea commodo consequat.</p>",
      "owner": null,
      "title": "Projekt Galleri",
      "locale": 1,
      "locked": false,
      "expired": false,
      "alias_of": null,
      "numchild": 0,
      "url_path": "/velkommen-til-jcleemannbyg/galleri/",
      "expire_at": null,
      "locked_at": null,
      "locked_by": null,
      "seo_title": "",
      "go_live_at": null,
      "draft_title": "Projekt Galleri",
      "content_type": 56,
      "live_revision": null,
      "show_in_menus": false,
      "latest_revision": null,
      "translation_key": "d9284f8a-835f-450e-90a7-18013aac342f",
      "last_published_at": null,
      "first_published_at": null,
      "search_description": "",
      "wagtail_admin_comments": [],
      "has_unpublished_changes": false,
      "latest_revision_created_at": null
    },
    "approved_go_live_at": null
  }
},
{
  "model": "wagtailcore.revision",
  "pk": 3,
  "fields": {
    "content_type": [
      "pages",
      "contactpage"
    ],
    "base_content_type": [
      "wagtailcore",
      "page"
    ],
    "object_id": "5",
    "created_at": "2025-09-15T09:52:38.822Z",
    "user": null,
    "object_str": "Kontakt Os",
    "content": {
      "pk": 5,
      "live": true,
      "path": "000100020002",
      "slug": "kontakt",
      "depth": 3,
      "intro": "<p>Duis aute irure dolor in reprehenderit in voluptate velit esse cillum dolore eu fugiat nulla pariatur.</p>",
      "owner": null,
      "title": "Kontakt Os",
      "locale": 1,
      "locked": false,
      "expired": false,
      "alias_of": null,
      "numchild": 0,
      "url_path": "/velkommen-til-jcleemannbyg/kontakt/",
      "expire_at": null,
      "locked_at": null,
      "locked_by": null,
      "seo_title": "",
      "go_live_at": null,
      "draft_title": "Kontakt Os",
      "content_type": 57,
      "live_revision": null,
      "show_in_menus": false,
      "latest_revision": null,
      "translation_key": "2e327d35-11d1-400d-81ca-15ff6857a5cf",
      "last_published_at": null,
      "show_contact_form": true,
      "contact_form_intro": "<p>Excepteur sint occaecat cupidatat non proident, sunt in culpa qui officia deserunt mollit anim id est laborum.</p>",
      "contact_form_title": "Send os en besked",
      "first_published_at": null,
      "search_description": "",
      "wagtail_admin_comments": [],
      "has_unpublished_changes": false,
      "latest_revision_created_at": null
    },
    "approved_go_live_at": null
  }
},
{
  "model": "wagtailcore.revision",
  "pk": 4,
  "fields": {
    "content_type": [
      "pages",
      "homepage"
    ],
    "base_content_type": [
      "wagtailcore",
      "page"
    ],
    "object_id": "3",
    "created_at": "2025-09-15T12:08:31.309Z",
    "user": [
      "admin"
    ],
    "object_str": "Vgihobjnkelkommen til JCleemannByg",
    "content": {
      "pk": 3,
      "body": "[]",
      "live": true,
      "path": "00010002",
      "slug": "velkommen-til-jcleemannbyg",
      "depth": 2,
      "intro": "<p data-block-key=\"8mezs\">Lorem ipsum dolor sit amet, consectetur adipiscing elit. Sed do eiusmod tempor incididunt ut labobonkmære et dolore magna aliqua.</p>",
      "owner": null,
      "title": "Vgihobjnkelkommen til JCleemannByg",
      "locale": 1,
      "locked": false,
      "expired": false,
      "alias_of": null,
      "numchild": 2,
      "url_path": "/velkommen-til-jcleemannbyg/",
      "expire_at": null,
      "locked_at": null,
      "locked_by": null,
      "seo_title": "",
      "go_live_at": null,
      "draft_title": "Velkommen til JCleemannByg",
      "content_type": 55,
      "live_revision": 1,
      "show_in_menus": false,
      "latest_revision": 1,
      "translation_key": "f19d29c8-bb3b-4808-933f-e73271d4ec75",
      "last_published_at": "2025-09-15T09:52:38.756Z",
      "first_published_at": "2025-09-15T09:52:38.756Z",
      "search_description": "",
      "wagtail_admin_comments": [],
      "has_unpublished_changes": false,
      "latest_revision_created_at": "2025-09-15T09:52:38.740Z"
    },
    "approved_go_live_at": null
  }
},
{
  "model": "wagtailcore.revision",
  "pk": 5,
  "fields": {
    "content_type": [
      "pages",
      "homepage"
    ],
    "base_content_type": [
      "wagtailcore",
      "page"
    ],
    "object_id": "3",
    "created_at": "2025-09-15T12:08:32.935Z",
    "user": [
      "admin"
    ],
    "object_str": "Vgihobjnkelkommen til JCleemannByg",
    "content": {
      "pk": 3,
      "body": "[]",
      "live": true,
      "path": "00010002",
      "slug": "velkommen-til-jcleemannbyg",
      "depth": 2,
      "intro": "<p data-block-key=\"8mezs\">Lorem ipsum dolor sit amet, consectetur adipiscing elit. Sed do eiusmod tempor incididunt ut labobonkmære et dolore magna aliqua.</p>",
      "owner": null,
      "title": "Vgihobjnkelkommen til JCleemannByg",
      "locale": 1,
      "locked": false,
      "expired": false,
      "alias_of": null,
      "numchild": 2,
      "url_path": "/velkommen-til-jcleemannbyg/",
      "expire_at": null,
      "locked_at": null,
      "locked_by": null,
      "seo_title": "",
      "go_live_at": null,
      "draft_title": "Vgihobjnkelkommen til JCleemannByg",
      "content_type": 55,
      "live_revision": 1,
      "show_in_menus": false,
      "latest_revision": 4,
      "translation_key": "f19d29c8-bb3b-4808-933f-e73271d4ec75",
      "last_published_at": "2025-09-15T09:52:38.756Z",
      "first_published_at": "2025-09-15T09:52:38.756Z",
      "search_description": "",
      "wagtail_admin_comments": [],
      "has_unpublished_changes": true,
      "latest_revision_created_at": "2025-09-15T12:08:31.309Z"
    },
    "approved_go_live_at": null
  }
},
{
  "model": "wagtailcore.groupcollectionpermission",
  "fields": {
    "group": [
      "Moderators"
    ],
    "collection": 1,
    "permission": [
      "add_image",
      "wagtailimages",
      "image"
    ]
  }
},
{
  "model": "wagtailcore.groupcollectionpermission",
  "fields": {
    "group": [
      "Editors"
    ],
    "collection": 1,
    "permission": [
      "add_image",
      "wagtailimages",
      "image"
    ]
  }
},
{
  "model": "wagtailcore.groupcollectionpermission",
  "fields": {
    "group": [
      "Moderators"
    ],
    "collection": 1,
    "permission": [
      "change_image",
      "wagtailimages",
      "image"
    ]
  }
},
{
  "model": "wagtailcore.groupcollectionpermission",
  "fields": {
    "group": [
      "Editors"
    ],
    "collection": 1,
    "permission": [
      "change_image",
      "wagtailimages",
      "image"
    ]
  }
},
{
  "model": "wagtailcore.groupcollectionpermission",
  "fields": {
    "group": [
      "Moderators"
    ],
    "collection": 1,
    "permission": [
      "choose_image",
      "wagtailimages",
      "image"
    ]
  }
},
{
  "model": "wagtailcore.groupcollectionpermission",
  "fields": {
    "group": [
      "Editors"
    ],
    "collection": 1,
    "permission": [
      "choose_image",
      "wagtailimages",
      "image"
    ]
  }
},
{
  "model": "wagtailcore.groupcollectionpermission",
  "fields": {
    "group": [
      "Moderators"
    ],
    "collection": 1,
    "permission": [
      "add_document",
      "wagtaildocs",
      "document"
    ]
  }
},
{
  "model": "wagtailcore.groupcollectionpermission",
  "fields": {
    "group": [
      "Editors"
    ],
    "collection": 1,
    "permission": [
      "add_document",
      "wagtaildocs",
      "document"
    ]
  }
},
{
  "model": "wagtailcore.groupcollectionpermission",
  "fields": {
    "group": [
      "Moderators"
    ],
    "collection": 1,
    "permission": [
      "change_document",
      "wagtaildocs",
      "document"
    ]
  }
},
{
  "model": "wagtailcore.groupcollectionpermission",
  "fields": {
    "group": [
      "Editors"
    ],
    "collection": 1,
    "permission": [
      "change_document",
      "wagtaildocs",
      "document"
    ]
  }
},
{
  "model": "wagtailcore.groupcollectionpermission",
  "fields": {
    "group": [
      "Moderators"
    ],
    "collection": 1,
    "permission": [
      "choose_document",
      "wagtaildocs",
      "document"
    ]
  }
},
{
  "model": "wagtailcore.groupcollectionpermission",
  "fields": {
    "group": [
      "Editors"
    ],
    "collection": 1,
    "permission": [
      "choose_document",
      "wagtaildocs",
      "document"
    ]
  }
},
{
  "model": "wagtailcore.groupapprovaltask",
  "pk": 1,
  "fields": {
    "task_ptr": 1,
    "groups": [
      [
        "Moderators"
      ]
    ]
  }
},
{
  "model": "wagtailcore.page",
  "pk": 1,
  "fields": {
    "path": "0001",
    "depth": 1,
    "numchild": 2,
    "translation_key": "3f758a55-d040-4a05-bb16-67354a32c10b",
    "locale": 1,
    "latest_revision": null,
    "live": true,
    "has_unpublished_changes": false,
    "first_published_at": null,
    "last_published_at": null,
    "live_revision": null,
    "go_live_at": null,
    "expire_at": null,
    "expired": false,
    "locked": false,
    "locked_at": null,
    "locked_by": null,
    "title": "Root",
    "draft_title": "Root",
    "slug": "root",
    "content_type": [
      "wagtailcore",
      "page"
    ],
    "url_path": "/",
    "owner": null,
    "seo_title": "",
    "show_in_menus": false,
    "search_description": "",
    "latest_revision_created_at": null,
    "alias_of": null
  }
},
{
  "model": "wagtailcore.page",
  "pk": 2,
  "fields": {
    "path": "00010001",
    "depth": 2,
    "numchild": 0,
    "translation_key": "7f0fae52-f888-4b74-8343-d7104e2499ce",
    "locale": 1,
    "latest_revision": null,
    "live": true,
    "has_unpublished_changes": false,
    "first_published_at": null,
    "last_published_at": null,
    "live_revision": null,
    "go_live_at": null,
    "expire_at": null,
    "expired": false,
    "locked": false,
    "locked_at": null,
    "locked_by": null,
    "title": "Welcome to your new Wagtail site!",
    "draft_title": "Welcome to your new Wagtail site!",
    "slug": "home",
    "content_type": [
      "wagtailcore",
      "page"
    ],
    "url_path": "/home/",
    "owner": null,
    "seo_title": "",
    "show_in_menus": false,
    "search_description": "",
    "latest_revision_created_at": null,
    "alias_of": null
  }
},
{
  "model": "wagtailcore.page",
  "pk": 3,
  "fields": {
    "path": "00010002",
    "depth": 2,
    "numchild": 2,
    "translation_key": "f19d29c8-bb3b-4808-933f-e73271d4ec75",
    "locale": 1,
    "latest_revision": 5,
    "live": true,
    "has_unpublished_changes": false,
    "first_published_at": "2025-09-15T09:52:38.756Z",
    "last_published_at": "2025-09-15T12:08:32.962Z",
    "live_revision": 5,
    "go_live_at": null,
    "expire_at": null,
    "expired": false,
    "locked": false,
    "locked_at": null,
    "locked_by": null,
    "title": "Vgihobjnkelkommen til JCleemannByg",
    "draft_title": "Vgihobjnkelkommen til JCleemannByg",
    "slug": "velkommen-til-jcleemannbyg",
    "content_type": [
      "pages",
      "homepage"
    ],
    "url_path": "/velkommen-til-jcleemannbyg/",
    "owner": null,
    "seo_title": "",
    "show_in_menus": false,
    "search_description": "",
    "latest_revision_created_at": "2025-09-15T12:08:32.935Z",
    "alias_of": null
  }
},
{
  "model": "wagtailcore.page",
  "pk": 4,
  "fields": {
    "path": "000100020001",
    "depth": 3,
    "numchild": 0,
    "translation_key": "d9284f8a-835f-450e-90a7-18013aac342f",
    "locale": 1,
    "latest_revision": 2,
    "live": true,
    "has_unpublished_changes": false,
    "first_published_at": "2025-09-15T09:52:38.797Z",
    "last_published_at": "2025-09-15T09:52:38.797Z",
    "live_revision": 2,
    "go_live_at": null,
    "expire_at": null,
    "expired": false,
    "locked": false,
    "locked_at": null,
    "locked_by": null,
    "title": "Projekt Galleri",
    "draft_title": "Projekt Galleri",
    "slug": "galleri",
    "content_type": [
      "pages",
      "gallerypage"
    ],
    "url_path": "/velkommen-til-jcleemannbyg/galleri/",
    "owner": null,
    "seo_title": "",
    "show_in_menus": false,
    "search_description": "",
    "latest_revision_created_at": "2025-09-15T09:52:38.785Z",
    "alias_of": null
  }
},
{
  "model": "wagtailcore.page",
  "pk": 5,
  "fields": {
    "path": "000100020002",
    "depth": 3,
    "numchild": 0,
    "translation_key": "2e327d35-11d1-400d-81ca-15ff6857a5cf",
    "locale": 1,
    "latest_revision": 3,
    "live": true,
    "has_unpublished_changes": false,
    "first_published_at": "2025-09-15T09:52:38.834Z",
    "last_published_at": "2025-09-15T09:52:38.834Z",
    "live_revision": 3,
    "go_live_at": null,
    "expire_at": null,
    "expired": false,
    "locked": false,
    "locked_at": null,
    "locked_by": null,
    "title": "Kontakt Os",
    "draft_title": "Kontakt Os",
    "slug": "kontakt",
    "content_type": [
      "pages",
      "contactpage"
    ],
    "url_path": "/velkommen-til-jcleemannbyg/kontakt/",
    "owner": null,
    "seo_title": "",
    "show_in_menus": false,
    "search_description": "",
    "latest_revision_created_at": "2025-09-15T09:52:38.822Z",
    "alias_of": null
  }
},
{
  "model": "wagtailcore.grouppagepermission",
  "pk": 1,
  "fields": {
    "group": [
      "Moderators"
    ],
    "page": 1,
    "permission": [
      "add_page",
      "wagtailcore",
      "page"
    ]
  }
},
{
  "model": "wagtailcore.grouppagepermission",
  "pk": 2,
  "fields": {
    "group": [
      "Moderators"
    ],
    "page": 1,
    "permission": [
      "change_page",
      "wagtailcore",
      "page"
    ]
  }
},
{
  "model": "wagtailcore.grouppagepermission",
  "pk": 3,
  "fields": {
    "group": [
      "Moderators"
    ],
    "page": 1,
    "permission": [
      "publish_page",
      "wagtailcore",
      "page"
    ]
  }
},
{
  "model": "wagtailcore.grouppagepermission",
  "pk": 4,
  "fields": {
    "group": [
      "Editors"
    ],
    "page": 1,
    "permission": [
      "add_page",
      "wagtailcore",
      "page"
    ]
  }
},
{
  "model": "wagtailcore.grouppagepermission",
  "pk": 5,
  "fields": {
    "group": [
      "Editors"
    ],
    "page": 1,
    "permission": [
      "change_page",
      "wagtailcore",
      "page"
    ]
  }
},
{
  "model": "wagtailcore.grouppagepermission",
  "pk": 6,
  "fields": {
    "group": [
      "Moderators"
    ],
    "page": 1,
    "permission": [
      "lock_page",
      "wagtailcore",
      "page"
    ]
  }
},
{
  "model": "wagtailcore.grouppagepermission",
  "pk": 7,
  "fields": {
    "group": [
      "Moderators"
    ],
    "page": 1,
    "permission": [
      "unlock_page",
      "wagtailcore",
      "page"
    ]
  }
},
{
  "model": "wagtailcore.pagesubscription",
  "pk": 1,
  "fields": {
    "user": [
      "admin"
    ],
    "page": 3,
    "comment_notifications": false
  }
},
{
  "model": "pages.homepage",
  "pk": 3,
  "fields": {
    "page_ptr": 3,
    "intro": "<p data-block-key=\"8mezs\">Lorem ipsum dolor sit amet, consectetur adipiscing elit. Sed do eiusmod tempor incididunt ut labobonkmære et dolore magna aliqua.</p>",
    "body": "[]"
  }
},
{
  "model": "pages.gallerypage",
  "pk": 4,
  "fields": {
    "page_ptr": 4,
    "intro": "<p>Ut enim ad minim veniam, quis nostrud exercitation ullamco laboris nisi ut aliquip ex ea commodo consequat.</p>",
    "body": "[]",
    "default_layout": "masonry",
    "default_columns": "3",
    "default_image_height": "300"
  }
},
{
  "model": "pages.contactpage",
  "pk": 5,
  "fields": {
    "page_ptr": 5,
    "intro": "<p>Duis aute irure dolor in reprehenderit in voluptate velit esse cillum dolore eu fugiat nulla pariatur.</p>",
    "show_contact_form": true,
    "contact_form_title": "Send os en besked",
    "contact_form_intro": "<p>Excepteur sint occaecat cupidatat non proident, sunt in culpa qui officia deserunt mollit anim id est laborum.</p>"
  }
}
]
